Parameter,Penalty function,Execution time
2.csv,1050.3472318327238,39.54
5.csv,9472.606677420448,32.553
10.csv,36004.293902109515,30.359
20.csv,125761.12997935204,30.151
